Timestamp,User Count,Type,Name,Requests/s,Failures/s,50%,66%,75%,80%,90%,95%,98%,99%,99.9%,99.99%,100%,Total Request Count,Total Failure Count,Total Median Response Time,Total Average Response Time,Total Min Response Time,Total Max Response Time,Total Average Content Size
1743174725,0,,Aggregated,0.000000,0.000000,N/A,N/A,N/A,N/A,N/A,N/A,N/A,N/A,N/A,N/A,N/A,0,0,0,0.0,0,0,0
1743174726,2,,Aggregated,0.000000,0.000000,N/A,N/A,N/A,N/A,N/A,N/A,N/A,N/A,N/A,N/A,N/A,0,0,0,0.0,0,0,0
1743174727,4,,Aggregated,0.000000,0.000000,N/A,N/A,N/A,N/A,N/A,N/A,N/A,N/A,N/A,N/A,N/A,0,0,0,0.0,0,0,0
1743174728,8,,Aggregated,0.000000,0.000000,N/A,N/A,N/A,N/A,N/A,N/A,N/A,N/A,N/A,N/A,N/A,0,0,0,0.0,0,0,0
1743174729,10,,Aggregated,0.000000,0.000000,3200,3200,3400,3400,3400,3400,3400,3400,3400,3400,3400,3,0,3200.0,2805.257966666735,1863.5747999996966,3387.644899999941,247464.33333333334
1743174730,12,,Aggregated,0.000000,0.000000,3400,3400,3700,3700,3700,3700,3700,3700,3700,3700,3700,4,0,3200.0,3029.4768250000743,1863.5747999996966,3702.1334000000934,242256.5
1743174731,14,,Aggregated,0.250000,0.000000,3200,3400,3700,3700,4800,4800,4800,4800,4800,4800,4800,7,0,3200.0,3125.5186285716263,1863.5747999996966,4795.668700000533,238356.42857142858
1743174732,16,,Aggregated,0.600000,0.000000,3400,3700,4700,4700,4800,4800,4800,4800,4800,4800,4800,8,0,3200.0,3327.4673500002336,1863.5747999996966,4795.668700000533,236891.0
1743174733,18,,Aggregated,0.833333,0.000000,3200,3400,3700,4700,4800,4800,4800,4800,4800,4800,4800,9,0,3200.0,3272.9990888891634,1863.5747999996966,4795.668700000533,236838.44444444444
1743174734,20,,Aggregated,0.833333,0.000000,3400,3700,4200,4700,4800,4800,4800,4800,4800,4800,4800,10,0,3200.0,3365.7428600002277,1863.5747999996966,4795.668700000533,235817.9
1743174735,22,,Aggregated,1.000000,0.000000,3200,3700,4200,4700,4800,5900,5900,5900,5900,5900,5900,13,0,3200.0,3486.3824153848186,1863.5747999996966,5892.31749999999,236171.0
1743174736,24,,Aggregated,1.111111,0.000000,3200,3700,4600,4700,4800,5900,5900,5900,5900,5900,5900,15,0,3200.0,3537.1830533335014,1863.5747999996966,5892.31749999999,235610.33333333334
1743174737,26,,Aggregated,1.111111,0.000000,3200,3700,4600,4700,4800,5900,5900,5900,5900,5900,5900,15,0,3200.0,3537.1830533335014,1863.5747999996966,5892.31749999999,235610.33333333334
1743174738,28,,Aggregated,1.300000,0.000000,3400,4200,4600,4700,5100,5900,5900,5900,5900,5900,5900,18,0,3400.0,3675.658077777926,1863.5747999996966,5892.31749999999,234706.66666666666
1743174739,30,,Aggregated,1.500000,0.000000,3700,4600,4700,4800,5900,8700,8700,8700,8700,8700,8700,20,0,3400.0,3981.150185000115,1863.5747999996966,8727.170699999988,234388.55
1743174740,32,,Aggregated,1.500000,0.000000,3700,4600,4700,4700,5100,5900,8700,8700,8700,8700,8700,21,0,3700.0,4004.370080952477,1863.5747999996966,8727.170699999988,234061.19047619047
1743174741,34,,Aggregated,1.700000,0.000000,3700,4600,4700,4800,5900,7000,8700,8700,8700,8700,8700,23,0,3700.0,4105.557552174025,1863.5747999996966,8727.170699999988,234700.08695652173
1743174742,36,,Aggregated,1.800000,0.000000,4200,4700,4800,5100,6800,7000,8700,8700,8700,8700,8700,25,0,4200.0,4246.584888000142,1863.5747999996966,8727.170699999988,234089.96
1743174743,38,,Aggregated,1.800000,0.000000,4200,4700,4800,5000,6800,7000,8700,8700,8700,8700,8700,26,0,3700.0,4221.281034615493,1863.5747999996966,8727.170699999988,234664.3076923077
1743174744,40,,Aggregated,1.600000,0.000000,4200,4700,5000,5100,7000,8700,12000,12000,12000,12000,12000,28,0,4000.0,4479.336503571533,1863.5747999996966,11624.011699999755,234379.5357142857
1743174745,42,,Aggregated,1.800000,0.000000,4500,4700,5000,5100,7000,8700,12000,12000,12000,12000,12000,32,0,4200.0,4578.436700000055,1863.5747999996966,11624.011699999755,233416.09375
1743174746,44,,Aggregated,1.600000,0.000000,4500,4700,5000,5900,7600,8900,12000,12000,12000,12000,12000,33,0,4500.0,4708.995042424277,1863.5747999996966,11624.011699999755,233507.0606060606
1743174747,46,,Aggregated,1.800000,0.000000,4500,4800,5100,6800,8600,8900,12000,12000,12000,12000,12000,35,0,4500.0,4786.356722857195,1863.5747999996966,11624.011699999755,233090.9714285714
1743174748,48,,Aggregated,1.900000,0.000000,4600,4900,5700,6800,8700,11000,12000,12000,12000,12000,12000,37,0,4600.0,4989.11823513518,1863.5747999996966,11624.011699999755,232766.97297297296
1743174749,50,,Aggregated,1.800000,0.000000,4600,5000,6300,7000,8900,12000,12000,12000,12000,12000,12000,40,0,4600.0,5181.468985000061,1863.5747999996966,12405.428000000029,232531.175
1743174750,52,,Aggregated,1.900000,0.000000,4600,5000,6300,6800,8700,11000,12000,12000,12000,12000,12000,42,0,4600.0,5177.986550000047,1863.5747999996966,12405.428000000029,232806.42857142858
1743174751,54,,Aggregated,1.900000,0.000000,4600,5700,6800,7000,8900,12000,13000,13000,13000,13000,13000,44,0,4600.0,5405.218288636393,1863.5747999996966,13384.443699999792,232748.20454545456
1743174752,56,,Aggregated,1.900000,0.000000,4600,5700,6600,7000,8900,12000,13000,13000,13000,13000,13000,46,0,4600.0,5407.454906521747,1863.5747999996966,13384.443699999792,232464.60869565216
1743174753,58,,Aggregated,2.100000,0.000000,4600,5700,6600,7000,8900,12000,13000,13000,13000,13000,13000,49,0,4600.0,5348.35475510206,1863.5747999996966,13384.443699999792,232112.16326530612
1743174754,60,,Aggregated,2.100000,0.000000,4600,5900,6600,7000,10000,12000,13000,13000,13000,13000,13000,53,0,4600.0,5582.796481132099,1863.5747999996966,13384.443699999792,231867.88679245283
1743174755,62,,Aggregated,2.100000,0.000000,4700,5900,6600,7000,10000,12000,13000,13000,13000,13000,13000,56,0,4600.0,5567.788783928596,1863.5747999996966,13384.443699999792,231591.48214285713
1743174756,64,,Aggregated,2.400000,0.000000,4700,6200,6800,7200,10000,12000,13000,13000,13000,13000,13000,59,0,4700.0,5638.703616949172,1863.5747999996966,13384.443699999792,231520.13559322033
1743174757,66,,Aggregated,2.400000,0.000000,4700,6200,6800,7200,10000,12000,13000,13000,13000,13000,13000,59,0,4700.0,5638.703616949172,1863.5747999996966,13384.443699999792,231520.13559322033
1743174758,68,,Aggregated,2.400000,0.000000,4800,6300,6800,7200,10000,12000,13000,14000,14000,14000,14000,64,0,4700.0,5720.709765625003,1863.5747999996966,13947.434799999428,231823.65625
1743174759,70,,Aggregated,2.600000,0.000000,4800,6300,6800,7000,10000,12000,13000,14000,14000,14000,14000,66,0,4700.0,5705.394342424246,1863.5747999996966,13947.434799999428,231654.01515151514
1743174760,72,,Aggregated,2.400000,0.000000,4900,6400,6800,7200,11000,13000,14000,19000,19000,19000,19000,69,0,4900.0,5912.967871014505,1863.5747999996966,18812.8269000008,231425.20289855072
1743174761,74,,Aggregated,2.700000,0.000000,4900,6400,7000,7200,11000,13000,14000,19000,19000,19000,19000,72,0,4800.0,5979.744702777782,1863.5747999996966,18812.8269000008,231546.69444444444
1743174762,76,,Aggregated,2.600000,0.000000,5000,6600,7000,7600,12000,14000,19000,23000,23000,23000,23000,75,0,5000.0,6225.213174666679,1863.5747999996966,23253.1012999998,231339.28
1743174763,78,,Aggregated,2.800000,0.000000,5100,6400,7000,7200,12000,14000,19000,23000,23000,23000,23000,77,0,5100.0,6207.5170415584425,1863.5747999996966,23253.1012999998,231207.62337662338
1743174764,80,,Aggregated,2.800000,0.000000,5200,6400,7000,7600,12000,14000,19000,23000,23000,23000,23000,80,0,5100.0,6330.535058750014,1863.5747999996966,23253.1012999998,231325.125
1743174765,82,,Aggregated,2.800000,0.000000,5200,6600,7000,7300,12000,14000,19000,23000,23000,23000,23000,81,0,5200.0,6342.048725925935,1863.5747999996966,23253.1012999998,231246.25925925927
1743174766,84,,Aggregated,2.700000,0.000000,5400,6600,7200,8100,12000,14000,19000,23000,23000,23000,23000,87,0,5400.0,6497.386127586213,1863.5747999996966,23253.1012999998,231427.6091954023
1743174767,86,,Aggregated,2.700000,0.000000,5500,6700,7300,8600,13000,14000,19000,23000,23000,23000,23000,88,0,5400.0,6623.203765909095,1863.5747999996966,23253.1012999998,231484.31818181818
1743174768,88,,Aggregated,2.500000,0.000000,5500,6600,7200,8600,13000,14000,19000,23000,23000,23000,23000,89,0,5500.0,6615.185443820235,1863.5747999996966,23253.1012999998,231569.01123595505
1743174770,90,,Aggregated,2.800000,0.000000,5500,6700,7300,8700,13000,18000,23000,34000,34000,34000,34000,93,0,5500.0,6919.835979569906,1863.5747999996966,34232.50829999961,231573.27956989247
1743174771,92,,Aggregated,2.800000,0.000000,5700,6800,7600,8900,13000,18000,23000,34000,34000,34000,34000,96,0,5500.0,6979.749367708347,1863.5747999996966,34232.50829999961,231540.38541666666
1743174772,94,,Aggregated,2.500000,0.000000,5700,6800,7600,8900,13000,18000,23000,34000,34000,34000,34000,97,0,5700.0,6974.252642268053,1863.5747999996966,34232.50829999961,231617.51546391752
1743174773,96,,Aggregated,2.700000,0.000000,5700,6800,7600,8900,13000,18000,23000,34000,34000,34000,34000,100,0,5700.0,6955.43462200001,1863.5747999996966,34232.50829999961,231668.99
1743174774,98,,Aggregated,2.600000,0.000000,5800,6800,7600,9400,13000,14000,19000,23000,34000,34000,34000,104,0,5700.0,7059.190517307708,1863.5747999996966,34232.50829999961,231587.45192307694
1743174775,100,,Aggregated,2.500000,0.000000,5800,6800,7600,9400,13000,14000,19000,23000,34000,34000,34000,105,0,5800.0,7053.593071428585,1863.5747999996966,34232.50829999961,231658.25714285715
1743174776,102,,Aggregated,2.500000,0.000000,5700,6800,7600,8900,13000,14000,19000,23000,34000,34000,34000,107,0,5700.0,7014.341827102817,1863.5747999996966,34232.50829999961,231986.57009345794
1743174777,104,,Aggregated,2.700000,0.000000,5800,6800,7600,9400,13000,18000,23000,34000,35000,35000,35000,111,0,5800.0,7324.740827927948,1863.5747999996966,34905.934600000364,231983.93693693692
1743174778,106,,Aggregated,2.500000,0.000000,5900,7000,8100,10000,14000,19000,34000,35000,39000,39000,39000,113,0,5900.0,7663.740272566386,1863.5747999996966,39044.98629999944,231975.82300884955
1743174779,108,,Aggregated,2.400000,0.000000,5900,7000,8100,9600,14000,19000,34000,35000,39000,39000,39000,116,0,5900.0,7648.781338793122,1863.5747999996966,39044.98629999944,232171.52586206896
1743174780,110,,Aggregated,2.400000,0.000000,5900,7000,8100,9600,14000,19000,34000,35000,39000,39000,39000,118,0,5900.0,7656.566330508503,1863.5747999996966,39044.98629999944,232049.2711864407
1743174781,112,,Aggregated,2.500000,0.000000,5900,7000,8100,9600,14000,19000,34000,35000,39000,39000,39000,121,0,5900.0,7731.32386115706,1863.5747999996966,39044.98629999944,232103.2561983471
1743174782,114,,Aggregated,2.600000,0.000000,6000,7100,8600,10000,14000,19000,34000,35000,39000,39000,39000,122,0,5900.0,7920.12018606561,1863.5747999996966,39044.98629999944,232138.62295081967
1743174783,116,,Aggregated,2.500000,0.000000,6100,7100,8700,10000,14000,20000,35000,39000,49000,49000,49000,125,0,6100.0,8265.42149520003,1863.5747999996966,49227.86919999999,232113.024
1743174784,118,,Aggregated,2.500000,0.000000,6200,7100,8900,10000,14000,20000,35000,39000,49000,49000,49000,127,0,6200.0,8300.64044960633,1863.5747999996966,49227.86919999999,232213.8188976378
1743174785,120,,Aggregated,2.500000,0.000000,6300,7300,8900,10000,14000,20000,35000,39000,49000,49000,49000,131,0,6300.0,8319.91435572522,1863.5747999996966,49227.86919999999,232204.08396946566
1743174786,122,,Aggregated,2.500000,0.000000,6300,7300,8900,11000,14000,23000,37000,39000,49000,49000,49000,133,0,6300.0,8515.039774436113,1863.5747999996966,49227.86919999999,232333.82706766916
1743174787,124,,Aggregated,2.400000,0.000000,6400,7600,9400,11000,15000,31000,39000,46000,49000,49000,49000,135,0,6400.0,8803.606763703725,1863.5747999996966,49227.86919999999,232256.24444444446
1743174788,126,,Aggregated,2.400000,0.000000,6500,7600,9400,12000,17000,31000,39000,46000,49000,49000,49000,139,0,6500.0,8947.856896402898,1863.5747999996966,49227.86919999999,232342.29496402878
1743174789,128,,Aggregated,2.300000,0.000000,6500,7600,9400,11000,16000,26000,39000,46000,49000,49000,49000,142,0,6500.0,8931.374180281719,1863.5747999996966,49227.86919999999,232381.85915492958
1743174790,130,,Aggregated,2.300000,0.000000,6500,7600,9500,12000,17000,26000,39000,46000,49000,49000,49000,144,0,6500.0,8971.720784722253,1863.5747999996966,49227.86919999999,232350.18055555556
1743174791,132,,Aggregated,2.600000,0.000000,6500,7600,9400,12000,17000,26000,39000,46000,49000,49000,49000,145,0,6500.0,8950.709848275888,1863.5747999996966,49227.86919999999,232317.14482758622
1743174792,134,,Aggregated,2.500000,0.000000,6600,7600,9600,12000,17000,31000,41000,46000,49000,49000,49000,150,0,6600.0,9171.269732666697,1863.5747999996966,49227.86919999999,232357.36666666667
1743174793,136,,Aggregated,2.400000,0.000000,6600,7600,9600,12000,17000,31000,39000,46000,49000,49000,49000,153,0,6600.0,9194.92039477127,1863.5747999996966,49227.86919999999,232394.16993464052
1743174794,138,,Aggregated,2.400000,0.000000,6600,7600,10000,12000,18000,31000,39000,46000,49000,49000,49000,155,0,6600.0,9300.882052903247,1863.5747999996966,49227.86919999999,232364.5806451613
1743174795,140,,Aggregated,2.800000,0.000000,6600,7600,10000,12000,18000,31000,39000,46000,49000,49000,49000,156,0,6600.0,9332.118596794895,1863.5747999996966,49227.86919999999,232333.78205128206
1743174796,142,,Aggregated,2.800000,0.000000,6600,8100,11000,13000,18000,30000,39000,46000,49000,49000,49000,161,0,6600.0,9571.60384161494,1863.5747999996966,49227.86919999999,232370.73913043478
1743174797,144,,Aggregated,2.700000,0.000000,6600,8100,11000,13000,18000,30000,39000,46000,49000,49000,49000,164,0,6600.0,9556.523574390276,1863.5747999996966,49227.86919999999,232381.15853658537
1743174798,146,,Aggregated,2.700000,0.000000,6700,8100,11000,13000,19000,31000,39000,46000,49000,49000,49000,166,0,6600.0,9710.958891566304,1863.5747999996966,49227.86919999999,232376.57228915664
1743174799,148,,Aggregated,2.800000,0.000000,6700,8300,11000,13000,19000,31000,39000,46000,49000,49000,49000,168,0,6700.0,9790.934657142896,1863.5747999996966,49227.86919999999,232303.875
1743174800,150,,Aggregated,2.800000,0.000000,6800,8600,11000,14000,19000,31000,39000,46000,49000,49000,49000,170,0,6700.0,9795.966421176508,1863.5747999996966,49227.86919999999,232376.67647058822
1743174801,152,,Aggregated,2.700000,0.000000,6800,8600,11000,14000,19000,31000,39000,46000,49000,49000,49000,174,0,6800.0,9852.056713218428,1863.5747999996966,49227.86919999999,232441.0172413793
1743174802,154,,Aggregated,2.700000,0.000000,6800,8600,11000,14000,19000,34000,40000,46000,49000,49000,49000,177,0,6800.0,9982.635011299473,1863.5747999996966,49227.86919999999,232387.12994350283
1743174803,156,,Aggregated,2.800000,0.000000,6800,8700,11000,14000,19000,34000,40000,46000,49000,49000,49000,178,0,6800.0,9982.915475280939,1863.5747999996966,49227.86919999999,232360.01123595505
1743174804,158,,Aggregated,2.700000,0.000000,6800,8900,11000,14000,19000,31000,40000,46000,49000,49000,49000,181,0,6800.0,10024.132762983465,1863.5747999996966,49227.86919999999,232386.9944751381
1743174805,160,,Aggregated,2.600000,0.000000,6800,8900,12000,14000,19000,31000,40000,46000,49000,49000,49000,183,0,6800.0,10063.847690163973,1863.5747999996966,49227.86919999999,232396.62295081967
1743174806,162,,Aggregated,2.600000,0.000000,6800,9100,12000,14000,20000,34000,41000,49000,49000,49000,49000,188,0,6800.0,10273.72172872344,1863.5747999996966,49227.86919999999,232396.61170212767
1743174807,164,,Aggregated,2.600000,0.000000,6800,8900,12000,14000,20000,34000,41000,49000,49000,49000,49000,189,0,6800.0,10255.902468783108,1863.5747999996966,49227.86919999999,232371.02116402116
1743174808,166,,Aggregated,2.800000,0.000000,6800,9400,12000,14000,20000,34000,41000,49000,49000,49000,49000,191,0,6800.0,10409.590119371765,1863.5747999996966,49227.86919999999,232293.40314136125
1743174809,168,,Aggregated,2.600000,0.000000,6900,9400,12000,14000,20000,35000,41000,49000,49000,49000,49000,193,0,6900.0,10552.92186113993,1863.5747999996966,49227.86919999999,232370.9896373057
1743174810,170,,Aggregated,2.400000,0.000000,6900,9400,12000,14000,23000,35000,41000,49000,49000,49000,49000,198,0,6900.0,10592.290895454576,1863.5747999996966,49227.86919999999,232434.12626262626
1743174811,172,,Aggregated,2.400000,0.000000,6900,9400,13000,14000,23000,37000,41000,49000,49000,49000,49000,199,0,6900.0,10727.562320603043,1863.5747999996966,49227.86919999999,232404.97487437187
1743174812,174,,Aggregated,2.500000,0.000000,6900,9400,13000,14000,23000,35000,41000,46000,49000,49000,49000,201,0,6900.0,10736.497465671675,1863.5747999996966,49227.86919999999,232343.71641791044
1743174813,176,,Aggregated,2.500000,0.000000,7000,9500,13000,15000,23000,35000,41000,46000,49000,49000,49000,204,0,6900.0,10849.090198529439,1863.5747999996966,49227.86919999999,232380.5294117647
1743174814,178,,Aggregated,2.300000,0.000000,7000,9600,13000,15000,23000,37000,41000,49000,57000,57000,57000,208,0,6900.0,11030.005634615412,1863.5747999996966,56954.50680000067,232463.375
1743174815,180,,Aggregated,2.700000,0.000000,7000,9600,13000,15000,25000,38000,46000,49000,57000,57000,57000,210,0,7000.0,11187.025544285738,1863.5747999996966,56954.50680000067,232412.37619047618
1743174816,182,,Aggregated,2.600000,0.000000,7000,10000,14000,16000,29000,38000,47000,49000,57000,57000,57000,213,0,7000.0,11557.196130046967,1863.5747999996966,56954.50680000067,232319.6103286385
1743174817,184,,Aggregated,2.600000,0.000000,7000,10000,14000,16000,29000,38000,47000,49000,57000,57000,57000,215,0,7000.0,11593.051706976765,1863.5747999996966,56954.50680000067,232389.01395348838
1743174818,186,,Aggregated,2.400000,0.000000,7000,10000,14000,16000,29000,39000,49000,52000,66000,66000,66000,219,0,7000.0,11797.001061643852,1863.5747999996966,65978.47120000006,232376.46118721462
1743174819,188,,Aggregated,2.700000,0.000000,7000,10000,14000,16000,29000,39000,49000,52000,66000,66000,66000,220,0,7000.0,11766.8909218182,1863.5747999996966,65978.47120000006,232445.59545454546
1743174820,190,,Aggregated,2.700000,0.000000,7000,10000,14000,17000,29000,38000,49000,52000,66000,66000,66000,224,0,7000.0,11844.619090625021,1863.5747999996966,65978.47120000006,232330.98660714287
1743174821,192,,Aggregated,2.700000,0.000000,7000,10000,14000,16000,29000,38000,49000,52000,66000,66000,66000,226,0,7000.0,11821.18234026551,1863.5747999996966,65978.47120000006,232396.9115044248
1743174822,194,,Aggregated,2.600000,0.000000,7000,10000,14000,16000,29000,38000,49000,52000,66000,66000,66000,227,0,7000.0,11793.996397797378,1863.5747999996966,65978.47120000006,232358.9691629956
1743174823,196,,Aggregated,2.500000,0.000000,7000,10000,14000,16000,27000,38000,49000,52000,66000,66000,66000,231,0,7000.0,11734.782830303051,1863.5747999996966,65978.47120000006,232400.48484848486
1743174824,198,,Aggregated,2.600000,0.000000,7100,10000,14000,17000,27000,38000,49000,52000,66000,66000,66000,233,0,7100.0,11860.142252360538,1863.5747999996966,65978.47120000006,232354.96137339057
1743174825,200,,Aggregated,2.400000,0.000000,7100,10000,14000,17000,29000,39000,49000,57000,66000,66000,66000,236,0,7100.0,12064.714551271214,1863.5747999996966,65978.47120000006,232386.63983050847
1743174826,202,,Aggregated,2.600000,0.000000,7100,10000,14000,17000,29000,40000,49000,57000,66000,66000,66000,239,0,7100.0,12149.14424728036,1863.5747999996966,65978.47120000006,232347.41841004184
1743174827,204,,Aggregated,2.500000,0.000000,7100,10000,14000,17000,29000,39000,49000,57000,66000,66000,66000,241,0,7100.0,12104.664025311225,1863.5747999996966,65978.47120000006,232438.02489626556
1743174828,206,,Aggregated,2.500000,0.000000,7100,11000,14000,18000,30000,40000,52000,57000,77000,77000,77000,245,0,7100.0,12564.054108979617,1863.5747999996966,77010.39180000043,232333.3673469388
1743174829,208,,Aggregated,2.400000,0.000000,7100,11000,14000,18000,31000,41000,57000,66000,77000,77000,77000,247,0,7100.0,12829.678055465614,1863.5747999996966,77010.39180000043,232330.39271255062
1743174830,210,,Aggregated,2.400000,0.000000,7100,11000,14000,18000,31000,41000,57000,66000,77000,77000,77000,248,0,7100.0,12805.603994354866,1863.5747999996966,77010.39180000043,232409.89516129033
1743174831,212,,Aggregated,2.600000,0.000000,7100,11000,14000,18000,30000,41000,52000,66000,77000,77000,77000,252,0,7100.0,12809.567154761937,1863.5747999996966,77010.39180000043,232307.6150793651
1743174832,214,,Aggregated,2.600000,0.000000,7100,11000,14000,18000,31000,41000,52000,66000,77000,77000,77000,254,0,7100.0,12861.294305118143,1863.5747999996966,77010.39180000043,232338.88976377953
1743174833,216,,Aggregated,2.600000,0.000000,7100,11000,15000,19000,32000,44000,57000,68000,77000,77000,77000,257,0,7100.0,13220.037940077855,1863.5747999996966,77010.39180000043,232313.7859922179
1743174834,218,,Aggregated,2.800000,0.000000,7100,11000,15000,19000,32000,44000,57000,68000,77000,77000,77000,258,0,7100.0,13194.997382170575,1863.5747999996966,77010.39180000043,232390.27131782947
1743174835,220,,Aggregated,2.600000,0.000000,7100,11000,15000,18000,32000,41000,57000,68000,77000,77000,77000,262,0,7100.0,13126.390854580186,1863.5747999996966,77010.39180000043,232292.19847328245
1743174836,222,,Aggregated,2.500000,0.000000,7100,11000,15000,19000,32000,41000,57000,68000,77000,77000,77000,265,0,7100.0,13188.647632075506,1863.5747999996966,77010.39180000043,232347.62641509433
1743174837,224,,Aggregated,2.500000,0.000000,7100,11000,15000,19000,34000,44000,57000,76000,91000,91000,91000,267,0,7100.0,13489.426797378313,1863.5747999996966,91054.40090000047,232344.76779026218
1743174838,226,,Aggregated,2.500000,0.000000,7100,11000,15000,19000,34000,44000,57000,76000,91000,91000,91000,269,0,7100.0,13535.20536245357,1863.5747999996966,91054.40090000047,232396.77695167286
1743174839,228,,Aggregated,2.600000,0.000000,7300,12000,16000,19000,37000,49000,68000,91000,101000,101000,101000,276,2,7200.0,14496.16436702902,1863.5747999996966,100782.39029999985,230643.90217391305
1743174840,230,,Aggregated,2.400000,0.000000,7300,12000,16000,19000,37000,49000,68000,91000,101000,101000,101000,277,2,7300.0,14492.357987725665,1863.5747999996966,100782.39029999985,230674.14801444043
1743174841,232,,Aggregated,2.400000,0.000000,7300,12000,16000,19000,37000,49000,68000,91000,101000,101000,101000,278,2,7300.0,14468.254738129532,1863.5747999996966,100782.39029999985,230662.78057553957
1743174842,234,,Aggregated,2.800000,0.200000,7400,12000,16000,20000,37000,51000,76000,100000,101000,101000,101000,282,3,7300.0,15093.991658156065,1863.5747999996966,101066.19249999948,229951.8475177305
1743174843,236,,Aggregated,2.700000,0.200000,7500,12000,16000,20000,38000,52000,77000,101000,101000,101000,101000,286,4,7400.0,15332.100478321709,1863.5747999996966,101066.19249999948,229134.32867132867
1743174844,238,,Aggregated,2.400000,0.200000,7500,12000,16000,20000,38000,52000,77000,101000,101000,101000,101000,288,4,7500.0,15403.912306597253,1863.5747999996966,101066.19249999948,229105.32986111112
1743174845,240,,Aggregated,2.800000,0.300000,7500,12000,16000,20000,38000,52000,77000,101000,101000,101000,101000,290,4,7500.0,15367.142670689687,1863.5747999996966,101066.19249999948,229203.15862068965
1743174847,242,,Aggregated,2.900000,0.400000,7500,13000,17000,21000,39000,57000,100000,101000,101000,101000,101000,293,6,7500.0,16048.282743003445,1863.5747999996966,101066.19249999948,227681.12627986347
1743174848,244,,Aggregated,2.900000,0.400000,7500,13000,17000,21000,40000,57000,100000,101000,101000,101000,101000,297,7,7500.0,16241.08140707074,1863.5747999996966,101066.19249999948,227006.91582491584
1743174849,246,,Aggregated,2.800000,0.400000,7600,13000,17000,23000,41000,62000,100000,101000,101000,101000,101000,302,9,7600.0,16880.513057284803,1863.5747999996966,101066.19249999948,225538.64900662252
1743174850,248,,Aggregated,2.800000,0.400000,7600,13000,17000,23000,41000,62000,100000,101000,101000,101000,101000,302,9,7600.0,16880.513057284803,1863.5747999996966,101066.19249999948,225538.64900662252
1743174851,250,,Aggregated,2.900000,0.700000,7600,13000,17000,23000,41000,66000,101000,101000,101000,101000,101000,306,10,7600.0,17098.31616078435,1863.5747999996966,101066.19249999948,224947.03594771243
1743174852,252,,Aggregated,3.300000,0.900000,7600,13000,17000,23000,41000,66000,101000,101000,101000,101000,101000,307,10,7600.0,17060.121590553783,1863.5747999996966,101066.19249999948,224942.94462540717
1743174853,254,,Aggregated,2.600000,0.700000,7600,13000,17000,23000,41000,66000,101000,101000,101000,101000,101000,310,10,7600.0,17061.507322580685,1863.5747999996966,101066.19249999948,225167.32258064515
1743174854,256,,Aggregated,2.900000,0.800000,7600,13000,18000,23000,44000,68000,101000,101000,101000,101000,101000,313,11,7600.0,17488.488969009628,1863.5747999996966,101066.19249999948,224611.61022364217
1743174855,258,,Aggregated,2.900000,0.800000,7700,13000,18000,23000,44000,68000,101000,101000,101000,101000,101000,318,11,7600.0,17432.964809119545,1863.5747999996966,101066.19249999948,225198.93081761006
1743174856,260,,Aggregated,2.800000,0.700000,7700,14000,19000,25000,46000,76000,101000,101000,101000,101000,101000,321,14,7700.0,18209.901430841168,1863.5747999996966,101066.19249999948,223160.34267912773
1743174857,262,,Aggregated,3.000000,0.700000,8100,14000,19000,27000,49000,91000,101000,101000,101000,101000,101000,328,16,7900.0,18920.657754573214,1863.5747999996966,101066.19249999948,221947.91463414635
1743174858,264,,Aggregated,3.000000,0.700000,8100,14000,19000,27000,49000,91000,101000,101000,101000,101000,101000,329,16,8100.0,19051.032863221928,1863.5747999996966,101066.19249999948,221962.15501519758
1743174859,266,,Aggregated,3.400000,1.000000,8200,14000,20000,30000,52000,100000,101000,101000,101000,101000,101000,338,20,8100.0,20127.497426035538,1863.5747999996966,101066.19249999948,219693.3579881657
1743174860,268,,Aggregated,3.400000,1.000000,8100,14000,20000,30000,52000,100000,101000,101000,101000,101000,101000,339,20,8100.0,20090.41402300888,1863.5747999996966,101066.19249999948,219716.63421828908
1743174861,270,,Aggregated,3.300000,1.100000,8300,14000,20000,30000,52000,100000,101000,101000,101000,101000,101000,343,21,8300.0,20369.480135860093,1863.5747999996966,101066.19249999948,219150.10787172013
1743174862,272,,Aggregated,3.300000,1.100000,8300,14000,20000,30000,52000,100000,101000,101000,101000,101000,101000,343,21,8300.0,20369.480135860093,1863.5747999996966,101066.19249999948,219150.10787172013
1743174863,274,,Aggregated,3.600000,1.000000,8600,15000,20000,30000,54000,100000,101000,101000,101000,101000,101000,346,22,8600.0,20613.337045086744,1863.5747999996966,101066.19249999948,218618.76589595375
1743174864,276,,Aggregated,3.600000,1.100000,8600,15000,21000,30000,57000,101000,101000,101000,101000,101000,101000,351,24,8600.0,20943.94071111115,1863.5747999996966,101066.19249999948,217617.00284900286
1743174865,278,,Aggregated,3.600000,1.100000,8600,15000,23000,30000,57000,101000,101000,101000,101000,101000,101000,356,25,8600.0,21102.406781460715,1863.5747999996966,101066.19249999948,217112.07865168538
1743174866,280,,Aggregated,3.500000,1.200000,8600,15000,23000,31000,62000,101000,101000,101000,101000,101000,101000,357,26,8600.0,21325.257275070067,1863.5747999996966,101066.19249999948,216523.72549019608
1743174867,282,,Aggregated,3.700000,1.300000,8700,15000,23000,32000,62000,101000,101000,101000,101000,101000,101000,360,26,8600.0,21524.397549166704,1863.5747999996966,101066.19249999948,216637.59722222222
1743174868,284,,Aggregated,3.600000,1.200000,8700,15000,23000,33000,66000,101000,101000,101000,101000,101000,101000,366,28,8700.0,21940.54126420769,1863.5747999996966,101066.19249999948,215632.85792349727
1743174869,286,,Aggregated,3.600000,1.200000,8700,15000,24000,34000,66000,101000,101000,101000,101000,101000,101000,371,29,8700.0,22203.57720431271,1863.5747999996966,101066.19249999948,215305.09973045823
1743174870,288,,Aggregated,3.300000,1.000000,8900,15000,25000,35000,68000,101000,101000,101000,101000,101000,101000,372,30,8700.0,22414.41809731187,1863.5747999996966,101066.19249999948,214745.32795698923
1743174871,290,,Aggregated,3.600000,0.900000,9100,16000,25000,37000,76000,101000,101000,101000,101000,101000,101000,377,32,9100.0,23020.696749071663,1863.5747999996966,101066.19249999948,213766.4907161804
1743174872,292,,Aggregated,3.300000,1.000000,9400,16000,26000,37000,77000,101000,101000,101000,101000,101000,101000,380,33,9100.0,23149.767469736886,1863.5747999996966,101066.19249999948,213295.21578947367
1743174873,294,,Aggregated,3.400000,1.200000,9400,16000,27000,38000,77000,101000,101000,101000,101000,101000,101000,387,34,9400.0,23440.801004134406,1863.5747999996966,101066.19249999948,213104.87596899224
1743174874,296,,Aggregated,3.400000,1.200000,9400,16000,27000,38000,77000,101000,101000,101000,101000,101000,101000,388,35,9400.0,23639.822730927877,1863.5747999996966,101066.19249999948,212573.85824742267
1743174875,298,,Aggregated,3.500000,1.200000,9400,17000,28000,38000,84000,101000,101000,101000,101000,101000,101000,391,36,9400.0,23968.481876214875,1863.5747999996966,101066.19249999948,212147.46547314577
1743174876,300,,Aggregated,3.900000,1.200000,9500,17000,29000,39000,87000,101000,101000,101000,101000,101000,101000,392,37,9400.0,24164.06775994902,1863.5747999996966,101066.19249999948,211624.30867346938
1743174877,302,,Aggregated,3.500000,1.100000,9500,17000,29000,39000,100000,101000,101000,101000,101000,101000,101000,399,39,9500.0,24435.894410025103,1863.5747999996966,101066.19249999948,210870.95989974937
1743174878,304,,Aggregated,3.500000,1.100000,9600,17000,30000,39000,100000,101000,101000,101000,101000,101000,101000,404,41,9500.0,24819.009444802017,1863.5747999996966,101066.19249999948,210030.8514851485
1743174879,306,,Aggregated,3.500000,1.100000,9700,17000,30000,39000,100000,101000,101000,101000,101000,101000,101000,406,43,9600.0,25193.00893965521,1863.5747999996966,101066.19249999948,209031.04433497536
1743174880,308,,Aggregated,4.100000,1.300000,10000,17000,32000,41000,100000,101000,101000,101000,101000,101000,101000,410,45,10000.0,25641.940775365885,1863.5747999996966,101090.08430000086,208157.7463414634
1743174881,310,,Aggregated,3.500000,1.400000,10000,17000,32000,41000,100000,101000,101000,101000,101000,101000,101000,413,46,10000.0,25746.905599515772,1863.5747999996966,101090.08430000086,207764.86682808716
1743174882,312,,Aggregated,3.700000,1.400000,10000,18000,33000,41000,100000,101000,101000,101000,101000,101000,101000,419,48,10000.0,26022.694525537026,1863.5747999996966,101090.08430000086,207022.05011933175
1743174883,314,,Aggregated,3.500000,1.400000,10000,18000,32000,41000,100000,101000,101000,101000,101000,101000,101000,421,48,10000.0,25986.216533254195,1863.5747999996966,101090.08430000086,207205.00712589073
1743174884,316,,Aggregated,3.500000,1.400000,10000,18000,32000,41000,100000,101000,101000,101000,101000,101000,101000,422,48,10000.0,25974.728190995298,1863.5747999996966,101090.08430000086,207253.1327014218
1743174885,318,,Aggregated,3.600000,1.400000,10000,19000,33000,44000,100000,101000,101000,101000,101000,101000,101000,425,50,10000.0,26293.066510823566,1863.5747999996966,101332.0076,206358.87529411764
1743174886,320,,Aggregated,3.400000,1.300000,10000,19000,34000,44000,101000,101000,101000,101000,101000,101000,101000,428,51,10000.0,26582.727714018725,1863.5747999996966,101332.0076,205980.16121495326
1743174887,322,,Aggregated,3.100000,1.200000,10000,19000,34000,44000,101000,101000,101000,101000,101000,101000,101000,432,52,10000.0,26620.956195601888,1863.5747999996966,101332.0076,205707.52546296295
1743174888,324,,Aggregated,3.300000,1.300000,11000,19000,35000,45000,101000,101000,101000,101000,101000,101000,101000,437,53,11000.0,26799.120942562968,1863.5747999996966,101332.0076,205555.42791762014
1743174889,326,,Aggregated,3.100000,1.200000,11000,19000,37000,45000,101000,101000,101000,101000,101000,101000,101000,439,54,11000.0,26970.82153507977,1863.5747999996966,101332.0076,205147.4464692483
1743174890,328,,Aggregated,3.100000,1.200000,11000,20000,37000,46000,101000,101000,101000,101000,101000,101000,101000,443,56,11000.0,27293.924233860085,1863.5747999996966,101332.0076,204354.4288939052
1743174891,330,,Aggregated,3.100000,1.000000,11000,20000,37000,46000,101000,101000,101000,101000,101000,101000,101000,446,57,11000.0,27520.598839686136,1863.5747999996966,101332.0076,204008.28475336323
1743174892,332,,Aggregated,3.200000,1.200000,11000,20000,38000,47000,101000,101000,101000,101000,101000,101000,101000,452,60,11000.0,27891.56036769915,1863.5747999996966,101332.0076,202981.2610619469
1743174893,334,,Aggregated,3.400000,1.100000,11000,20000,38000,49000,101000,101000,101000,101000,101000,101000,101000,457,62,11000.0,28259.795979868744,1863.5747999996966,101332.0076,202296.24945295404
1743174894,336,,Aggregated,3.200000,1.100000,11000,20000,38000,49000,101000,101000,101000,101000,101000,101000,101000,462,64,11000.0,28488.6483640693,1863.5747999996966,101332.0076,201609.5367965368
1743174895,338,,Aggregated,3.400000,1.400000,11000,21000,39000,51000,101000,101000,101000,101000,101000,101000,101000,464,65,11000.0,28733.255655387962,1863.5747999996966,101332.0076,201240.6379310345
1743174896,340,,Aggregated,3.800000,1.600000,11000,21000,39000,52000,101000,101000,101000,101000,101000,101000,101000,471,68,11000.0,29243.526383014894,1863.5747999996966,101332.0076,200320.56475583866
1743174897,342,,Aggregated,4.100000,1.600000,11000,23000,39000,57000,101000,101000,101000,101000,101000,101000,101000,475,70,11000.0,29443.739971368454,1863.5747999996966,101332.0076,199656.15789473685
1743174898,344,,Aggregated,4.100000,1.600000,11000,23000,39000,57000,101000,101000,101000,101000,101000,101000,101000,480,72,11000.0,29655.371279375035,1863.5747999996966,101332.0076,199022.60416666666
1743174899,346,,Aggregated,4.400000,1.800000,11000,23000,40000,57000,101000,101000,101000,101000,101000,101000,101000,484,74,11000.0,29904.83483904962,1863.5747999996966,101332.0076,198342.0061983471
1743174900,348,,Aggregated,4.300000,1.900000,11000,23000,40000,58000,101000,101000,101000,101000,101000,101000,101000,489,76,11000.0,30164.371882822117,1863.5747999996966,101332.0076,197772.79141104294
1743174901,350,,Aggregated,4.400000,2.000000,12000,23000,41000,62000,101000,101000,101000,101000,101000,101000,101000,496,79,12000.0,30501.896553830677,1863.5747999996966,101332.0076,196943.90322580645
1743174902,352,,Aggregated,4.400000,1.900000,12000,23000,41000,62000,101000,101000,101000,101000,101000,101000,101000,499,80,12000.0,30555.380576152336,1863.5747999996966,101332.0076,196686.1503006012
1743174903,354,,Aggregated,4.500000,2.000000,12000,25000,44000,65000,101000,101000,101000,101000,101000,101000,101000,502,82,12000.0,30893.406765338674,1863.5747999996966,101332.0076,195987.06972111555
1743174904,356,,Aggregated,4.900000,2.200000,12000,25000,45000,68000,101000,101000,101000,101000,101000,101000,101000,507,85,12000.0,31306.27536804737,1863.5747999996966,101332.0076,195014.54437869822
1743174905,358,,Aggregated,4.600000,1.900000,12000,26000,46000,70000,101000,101000,101000,101000,101000,101000,101000,510,87,12000.0,31679.68090764709,1863.5747999996966,101332.0076,194358.69019607845
1743174906,360,,Aggregated,4.200000,1.800000,12000,27000,46000,70000,101000,101000,101000,101000,101000,101000,101000,517,89,12000.0,31878.71755493233,1863.5747999996966,101332.0076,193981.57833655705
1743174907,362,,Aggregated,4.500000,2.200000,12000,27000,47000,71000,101000,101000,101000,101000,101000,101000,101000,520,90,12000.0,31918.09901750003,1863.5747999996966,101332.0076,193798.41346153847
1743174908,364,,Aggregated,4.400000,2.100000,12000,27000,47000,71000,101000,101000,101000,101000,101000,101000,101000,521,91,12000.0,32050.072636660294,1863.5747999996966,101332.0076,193440.00959692898
1743174909,366,,Aggregated,4.400000,2.000000,12000,28000,48000,74000,101000,101000,101000,101000,101000,101000,101000,524,92,12000.0,32238.106548664153,1863.5747999996966,101332.0076,193231.52099236642
1743174910,368,,Aggregated,4.200000,1.800000,13000,29000,49000,76000,101000,101000,101000,101000,101000,101000,101000,529,95,13000.0,32562.327795463167,1863.5747999996966,101332.0076,192338.42911153118
1743174911,370,,Aggregated,4.100000,1.800000,13000,30000,49000,76000,101000,101000,101000,101000,101000,101000,101000,535,97,13000.0,32727.085728598162,1863.5747999996966,101332.0076,191902.076635514
1743174912,372,,Aggregated,4.000000,1.800000,13000,30000,51000,77000,101000,101000,101000,101000,101000,101000,101000,539,100,13000.0,33056.72966363639,1863.5747999996966,101332.0076,190984.91280148423
1743174913,374,,Aggregated,4.000000,1.800000,13000,31000,52000,78000,101000,101000,101000,101000,101000,101000,101000,543,102,13000.0,33368.2004394107,1863.5747999996966,101332.0076,190458.58195211788
1743174914,376,,Aggregated,3.800000,1.700000,13000,32000,54000,83000,101000,101000,101000,101000,101000,101000,101000,546,104,13000.0,33653.25027271065,1863.5747999996966,101332.0076,189871.00366300368
1743174915,378,,Aggregated,3.900000,1.900000,13000,31000,54000,84000,101000,101000,101000,101000,101000,101000,101000,553,106,13000.0,33713.03314430382,1863.5747999996966,101332.0076,189626.18444846294
1743174916,380,,Aggregated,4.100000,2.000000,13000,31000,55000,84000,101000,101000,101000,101000,101000,101000,101000,556,107,13000.0,33741.28580287773,1863.5747999996966,101332.0076,189427.55035971224
1743174917,382,,Aggregated,3.800000,1.800000,13000,32000,57000,89000,101000,101000,101000,101000,101000,101000,101000,559,109,13000.0,34080.364843649404,1863.5747999996966,101332.0076,188838.7084078712
1743174918,384,,Aggregated,4.300000,1.900000,13000,33000,58000,100000,101000,101000,101000,101000,101000,101000,101000,563,112,13000.0,34409.88135026646,1863.5747999996966,101332.0076,187959.27175843695
1743174920,386,,Aggregated,3.900000,1.800000,13000,33000,58000,100000,101000,101000,101000,101000,101000,101000,101000,566,113,13000.0,34518.149171024765,1863.5747999996966,101332.0076,187813.28621908126
1743174921,388,,Aggregated,3.900000,1.900000,13000,34000,58000,100000,101000,101000,101000,101000,101000,101000,101000,573,115,13000.0,34605.97676003493,1863.5747999996966,101332.0076,187567.369982548
1743174922,390,,Aggregated,4.100000,2.100000,14000,34000,60000,100000,101000,101000,101000,101000,101000,101000,101000,576,117,13000.0,34784.71520190975,1863.5747999996966,101332.0076,187003.51909722222
1743174923,392,,Aggregated,4.100000,2.000000,14000,35000,62000,100000,101000,101000,101000,101000,101000,101000,101000,580,120,14000.0,35157.68803413795,1863.5747999996966,101332.0076,186138.3051724138
1743174924,394,,Aggregated,4.300000,2.000000,14000,36000,61000,100000,101000,101000,101000,101000,101000,101000,101000,585,120,14000.0,35229.99576598292,1863.5747999996966,101332.0076,186544.42735042734
1743174925,396,,Aggregated,4.000000,2.000000,14000,37000,62000,100000,101000,101000,101000,101000,101000,101000,101000,593,124,14000.0,35540.05394704892,1863.5747999996966,101332.0076,185641.01517706577
1743174926,398,,Aggregated,4.100000,2.000000,14000,37000,67000,100000,101000,101000,101000,101000,101000,101000,101000,596,127,14000.0,35868.11463422821,1863.5747999996966,101332.0076,184742.1677852349
1743174927,400,,Aggregated,4.200000,1.800000,14000,38000,70000,100000,101000,101000,101000,101000,101000,101000,101000,599,129,14000.0,36155.78456994993,1863.5747999996966,101332.0076,184251.97161936562
1743174928,402,,Aggregated,4.300000,2.100000,14000,38000,70000,100000,101000,101000,101000,101000,101000,101000,101000,602,129,14000.0,36158.74458471762,1863.5747999996966,101332.0076,184641.64617940199
1743174929,404,,Aggregated,4.300000,2.200000,14000,38000,70000,100000,101000,101000,101000,101000,101000,101000,101000,607,130,14000.0,36337.17040757827,1863.5747999996966,101332.0076,184732.07907742998
1743174930,406,,Aggregated,4.200000,2.000000,14000,38000,70000,100000,101000,101000,101000,101000,101000,101000,101000,610,131,14000.0,36349.499349344274,1863.5747999996966,101332.0076,184691.8262295082
1743174931,408,,Aggregated,4.300000,1.800000,14000,38000,74000,100000,101000,101000,101000,101000,101000,101000,101000,615,134,14000.0,36709.67764357725,1863.5747999996966,101332.0076,183989.37723577235
1743174932,410,,Aggregated,4.300000,1.700000,14000,39000,75000,100000,101000,101000,101000,101000,101000,101000,101000,617,136,14000.0,36917.07497860617,1863.5747999996966,101332.0076,183415.8946515397
1743174933,412,,Aggregated,4.000000,1.700000,15000,39000,76000,100000,101000,101000,101000,101000,101000,101000,101000,626,140,15000.0,37273.55435910545,1863.5747999996966,101332.0076,182687.58146964858
1743174934,414,,Aggregated,4.000000,1.700000,15000,39000,77000,100000,101000,101000,101000,101000,102000,102000,102000,633,144,15000.0,37615.13674123224,1863.5747999996966,102191.56530000054,181827.75671406003
1743174935,416,,Aggregated,4.300000,1.700000,15000,39000,78000,100000,101000,101000,101000,101000,102000,102000,102000,636,145,15000.0,37644.88049764153,1863.5747999996966,102191.56530000054,181686.79874213837
1743174936,418,,Aggregated,4.300000,1.700000,15000,40000,78000,100000,101000,101000,101000,101000,102000,102000,102000,637,146,15000.0,37743.79002213503,1863.5747999996966,102191.56530000054,181412.67503924647
1743174937,420,,Aggregated,4.200000,2.000000,15000,40000,77000,100000,101000,101000,101000,101000,102000,102000,102000,644,146,15000.0,37589.26771195653,1863.5747999996966,102191.56530000054,181997.32453416148
1743174938,422,,Aggregated,4.100000,1.900000,15000,40000,79000,100000,101000,101000,101000,101000,102000,102000,102000,648,150,15000.0,37978.55739166667,1863.5747999996966,102191.56530000054,180917.5262345679
1743174939,424,,Aggregated,4.400000,1.700000,15000,41000,83000,100000,101000,101000,101000,101000,102000,102000,102000,652,151,15000.0,38095.355341871174,1863.5747999996966,102191.56530000054,180869.3389570552
1743174940,426,,Aggregated,4.500000,1.900000,16000,41000,84000,100000,101000,101000,101000,101000,102000,102000,102000,657,154,16000.0,38356.25702557078,1863.5747999996966,102191.56530000054,180213.87671232875
1743174941,428,,Aggregated,4.500000,2.000000,16000,43000,89000,100000,101000,101000,101000,101000,102000,102000,102000,663,157,16000.0,38572.87754268477,1863.5747999996966,102191.56530000054,179661.91101055808
1743174942,430,,Aggregated,4.500000,2.300000,16000,44000,91000,100000,101000,101000,101000,101000,102000,102000,102000,671,161,16000.0,38833.957885842035,1863.5747999996966,102191.56530000054,178977.94485842026
1743174943,432,,Aggregated,4.900000,2.400000,16000,44000,93000,100000,101000,101000,101000,101000,102000,102000,102000,673,163,16000.0,39017.20254234771,1863.5747999996966,102191.56530000054,178467.07429420506
1743174944,434,,Aggregated,5.000000,2.300000,16000,45000,94000,100000,101000,101000,101000,101000,102000,102000,102000,678,166,16000.0,39224.12944070798,1863.5747999996966,102191.56530000054,177853.42920353982
1743174945,436,,Aggregated,4.900000,2.500000,17000,45000,96000,100000,101000,101000,101000,101000,102000,102000,102000,682,168,16000.0,39341.539585044,1863.5747999996966,102191.56530000054,177494.55278592376
1743174946,438,,Aggregated,4.300000,2.000000,17000,45000,97000,100000,101000,101000,101000,101000,102000,102000,102000,687,170,17000.0,39428.33668253276,1863.5747999996966,102191.56530000054,177259.077147016
1743174947,440,,Aggregated,4.300000,2.000000,16000,45000,96000,100000,101000,101000,101000,101000,102000,102000,102000,689,170,16000.0,39329.66316502178,1863.5747999996966,102191.56530000054,177435.1480406386
1743174948,442,,Aggregated,4.900000,2.300000,17000,46000,100000,100000,101000,101000,101000,101000,102000,102000,102000,696,174,17000.0,39710.06475014369,1863.5747999996966,102191.56530000054,176668.25862068965
1743174949,444,,Aggregated,4.600000,2.400000,17000,47000,100000,100000,101000,101000,101000,101000,102000,102000,102000,700,177,17000.0,39926.3985607143,1863.5747999996966,102191.56530000054,176014.14571428573
1743174950,446,,Aggregated,4.800000,2.500000,17000,48000,100000,100000,101000,101000,101000,101000,102000,102000,102000,705,179,17000.0,40076.07640851065,1863.5747999996966,102191.56530000054,175793.44964539006
1743174951,448,,Aggregated,4.800000,2.600000,17000,49000,100000,100000,101000,101000,101000,101000,102000,102000,102000,708,181,17000.0,40197.58837909606,1863.5747999996966,102191.56530000054,175424.5324858757
1743174952,450,,Aggregated,4.800000,2.500000,17000,48000,100000,100000,101000,101000,101000,101000,102000,102000,102000,712,182,17000.0,40245.0826047753,1863.5747999996966,102191.56530000054,175404.00421348316
1743174953,452,,Aggregated,4.800000,2.500000,18000,49000,100000,100000,101000,101000,101000,101000,102000,102000,102000,718,187,18000.0,40615.32236086353,1863.5747999996966,102191.56530000054,174304.43593314764
1743174954,454,,Aggregated,4.500000,2.400000,18000,50000,100000,100000,101000,101000,101000,101000,102000,102000,102000,722,189,18000.0,40716.179898753486,1863.5747999996966,102191.56530000054,174032.20914127424
1743174955,456,,Aggregated,4.600000,2.500000,18000,50000,100000,101000,101000,101000,101000,101000,102000,102000,102000,726,191,18000.0,40782.33788732785,1863.5747999996966,102191.56530000054,173748.24517906335
1743174956,458,,Aggregated,4.200000,2.300000,18000,51000,100000,101000,101000,101000,101000,101000,102000,102000,102000,733,194,18000.0,41079.5231919509,1863.5747999996966,102191.56530000054,173356.11323328785
1743174957,460,,Aggregated,4.400000,2.400000,19000,52000,100000,101000,101000,101000,101000,101000,102000,102000,102000,736,197,19000.0,41321.6938987772,1863.5747999996966,102191.56530000054,172678.31657608695
1743174958,462,,Aggregated,4.200000,2.200000,19000,54000,100000,101000,101000,101000,101000,101000,102000,102000,102000,741,200,19000.0,41577.56308677466,1863.5747999996966,102191.56530000054,172167.9527665317
1743174959,464,,Aggregated,4.500000,2.500000,19000,54000,100000,101000,101000,101000,101000,101000,102000,102000,102000,748,203,19000.0,41629.85990989308,1863.5747999996966,102191.56530000054,171890.20588235295
1743174960,466,,Aggregated,4.500000,2.600000,19000,55000,100000,101000,101000,101000,101000,101000,102000,102000,102000,754,207,19000.0,41875.80565822284,1863.5747999996966,102191.56530000054,171158.42440318302
1743174961,468,,Aggregated,4.300000,2.400000,20000,57000,100000,101000,101000,101000,101000,101000,102000,102000,102000,760,212,19000.0,42300.60378250003,1863.5747999996966,102191.56530000054,170151.88815789475
1743174962,470,,Aggregated,5.100000,2.800000,20000,58000,100000,101000,101000,101000,101000,101000,102000,102000,102000,766,216,20000.0,42564.1562139687,1863.5747999996966,102191.56530000054,169461.77154046998
1743174963,472,,Aggregated,5.000000,2.900000,20000,58000,100000,101000,101000,101000,101000,101000,102000,102000,102000,774,220,20000.0,42680.388982299766,1863.5747999996966,102191.56530000054,168980.30103359174
1743174964,474,,Aggregated,5.200000,3.200000,20000,60000,100000,101000,101000,101000,101000,101000,102000,102000,102000,778,221,20000.0,42822.29845835479,1863.5747999996966,102191.56530000054,168989.7917737789
1743174965,476,,Aggregated,5.100000,3.100000,20000,62000,100000,101000,101000,101000,101000,101000,102000,102000,102000,781,223,20000.0,43010.09222355957,1863.5747999996966,102191.56530000054,168648.9513444302
1743174966,478,,Aggregated,5.900000,3.300000,20000,62000,100000,101000,101000,101000,101000,101000,102000,102000,102000,784,225,20000.0,43134.55725663268,1863.5747999996966,102191.56530000054,168326.52168367346
1743174967,480,,Aggregated,5.500000,3.100000,20000,62000,100000,101000,101000,101000,101000,101000,102000,102000,102000,790,226,20000.0,43057.15557797471,1863.5747999996966,102191.56530000054,168514.49493670886
1743174968,482,,Aggregated,5.500000,3.100000,20000,62000,100000,101000,101000,101000,101000,101000,102000,102000,102000,792,227,20000.0,43081.64175555559,1863.5747999996966,102191.56530000054,168416.12121212122
1743174969,484,,Aggregated,5.000000,3.000000,20000,67000,100000,101000,101000,101000,101000,101000,102000,102000,102000,797,232,20000.0,43442.662461982465,1863.5747999996966,102191.56530000054,167403.9121706399
1743174970,486,,Aggregated,5.300000,2.800000,20000,67000,100000,101000,101000,101000,101000,101000,102000,102000,102000,798,233,20000.0,43514.413142731864,1863.5747999996966,102191.56530000054,167202.992481203
1743174971,490,,Aggregated,5.400000,3.100000,20000,68000,100000,101000,101000,101000,101000,101000,102000,102000,102000,808,238,20000.0,43761.05922277231,1863.5747999996966,102191.56530000054,166624.52846534652
1743174972,492,,Aggregated,4.400000,2.600000,21000,70000,100000,101000,101000,101000,101000,101000,102000,102000,102000,818,244,21000.0,44101.93777775064,1863.5747999996966,102191.56530000054,165771.13325183373
1743174973,494,,Aggregated,4.800000,2.800000,21000,71000,100000,101000,101000,101000,101000,101000,102000,102000,102000,821,247,21000.0,44307.92876443365,1863.5747999996966,102191.56530000054,165191.22655298415
1743174974,496,,Aggregated,4.600000,2.400000,21000,71000,100000,101000,101000,101000,101000,101000,102000,102000,102000,824,248,21000.0,44378.42626067963,1863.5747999996966,102191.56530000054,165150.68567961166
1743174975,498,,Aggregated,5.000000,2.700000,21000,72000,100000,101000,101000,101000,101000,101000,102000,102000,102000,831,251,21000.0,44443.090264019265,1863.5747999996966,102191.56530000054,164915.1155234657
1743174976,500,,Aggregated,4.500000,2.800000,21000,72000,100000,101000,101000,101000,101000,101000,102000,102000,102000,835,252,21000.0,44416.88286359284,1863.5747999996966,102191.56530000054,164972.8646706587
1743174977,500,,Aggregated,4.700000,2.700000,22000,74000,100000,101000,101000,101000,101000,101000,102000,102000,102000,838,254,22000.0,44588.47489498808,1863.5747999996966,102191.56530000054,164669.58830548925
1743174978,500,,Aggregated,4.900000,2.700000,23000,75000,100000,101000,101000,101000,101000,101000,102000,102000,102000,846,258,23000.0,44739.61542245864,1863.5747999996966,102191.56530000054,164218.66430260046
1743174979,500,,Aggregated,5.100000,2.700000,23000,76000,100000,101000,101000,101000,101000,101000,102000,102000,102000,853,262,23000.0,44984.57715287222,1863.5747999996966,102191.56530000054,163738.39624853458
1743174980,500,,Aggregated,4.600000,2.700000,23000,76000,100000,101000,101000,101000,101000,101000,102000,102000,102000,856,264,23000.0,45068.09567441589,1863.5747999996966,102191.56530000054,163475.5128504673
1743174981,500,,Aggregated,5.000000,2.700000,24000,78000,100000,101000,101000,101000,101000,101000,102000,102000,102000,864,270,23000.0,45429.93287627316,1863.5747999996966,102191.56530000054,162568.42939814815
1743174982,500,,Aggregated,5.600000,3.000000,25000,80000,100000,101000,101000,101000,101000,101000,102000,102000,102000,874,276,24000.0,45759.34815274602,1863.5747999996966,102191.56530000054,161795.35125858124
1743174983,500,,Aggregated,5.300000,2.800000,25000,81000,100000,101000,101000,101000,101000,101000,102000,102000,102000,880,280,25000.0,45993.27921750003,1863.5747999996966,102191.56530000054,161276.00113636363
1743174984,500,,Aggregated,5.600000,3.300000,25000,83000,100000,101000,101000,101000,101000,101000,102000,102000,102000,886,284,25000.0,46147.16689514676,1863.5747999996966,102191.56530000054,160779.61286681716
1743174985,500,,Aggregated,5.500000,3.100000,25000,84000,100000,101000,101000,101000,101000,101000,102000,102000,102000,892,287,25000.0,46278.2091040359,1863.5747999996966,102191.56530000054,160528.11995515696
1743174986,500,,Aggregated,5.900000,3.200000,26000,87000,100000,101000,101000,101000,101000,101000,102000,102000,102000,898,290,26000.0,46522.9124315145,1863.5747999996966,102191.56530000054,160310.00779510022
1743174987,500,,Aggregated,6.000000,3.600000,26000,87000,100000,101000,101000,101000,101000,101000,102000,102000,102000,901,292,26000.0,46610.58284450613,1863.5747999996966,102191.56530000054,160081.0332963374
1743174988,500,,Aggregated,6.300000,3.600000,26000,89000,100000,101000,101000,101000,101000,101000,102000,102000,102000,907,297,26000.0,46865.83229382583,1863.5747999996966,102191.56530000054,159357.86879823596
1743174989,500,,Aggregated,6.400000,3.900000,27000,89000,100000,101000,101000,101000,101000,101000,102000,102000,102000,912,299,26000.0,46880.127880811444,1863.5747999996966,102191.56530000054,159315.1524122807
1743174990,500,,Aggregated,6.300000,3.800000,27000,93000,100000,101000,101000,101000,101000,101000,102000,102000,102000,920,304,27000.0,47096.70697184786,1863.5747999996966,102191.56530000054,158710.24782608697
1743174991,500,,Aggregated,6.200000,3.900000,27000,93000,100000,101000,101000,101000,101000,101000,102000,102000,102000,922,305,27000.0,47133.701125921936,1863.5747999996966,102191.56530000054,158617.6550976139
1743174992,500,,Aggregated,6.000000,3.800000,27000,91000,100000,101000,101000,101000,101000,101000,102000,102000,102000,925,305,27000.0,47071.88537924328,1863.5747999996966,102191.56530000054,158907.94702702702
1743174993,500,,Aggregated,6.300000,4.000000,27000,93000,100000,101000,101000,101000,101000,101000,102000,102000,102000,931,308,27000.0,47144.22007593988,1863.5747999996966,102191.56530000054,158659.32223415683
1743174994,500,,Aggregated,5.800000,3.400000,27000,93000,100000,101000,101000,101000,101000,101000,102000,102000,102000,934,309,27000.0,47120.72790396148,1863.5747999996966,102191.56530000054,158644.58565310494
1743174995,500,,Aggregated,5.100000,2.900000,27000,93000,100000,101000,101000,101000,101000,101000,102000,102000,102000,937,310,27000.0,47199.49843660622,1863.5747999996966,102191.56530000054,158626.1750266809
1743174996,500,,Aggregated,5.000000,2.800000,28000,93000,100000,101000,101000,101000,101000,101000,102000,102000,102000,942,313,27000.0,47309.30095138007,1863.5747999996966,102191.56530000054,158323.24840764332
1743174997,500,,Aggregated,4.800000,2.500000,28000,97000,100000,101000,101000,101000,101000,101000,102000,102000,102000,950,320,28000.0,47658.426367157925,1863.5747999996966,102191.56530000054,157307.40736842106
1743174998,500,,Aggregated,4.300000,2.300000,29000,100000,100000,101000,101000,101000,101000,101000,102000,102000,102000,958,324,28000.0,47809.72947766184,1863.5747999996966,102191.56530000054,156969.47599164926
1743174999,500,,Aggregated,4.300000,2.200000,29000,100000,100000,101000,101000,101000,101000,101000,102000,102000,102000,963,328,29000.0,48033.06872087232,1863.5747999996966,102191.56530000054,156417.46417445483
1743175000,500,,Aggregated,5.000000,2.800000,30000,100000,100000,101000,101000,101000,101000,101000,102000,102000,102000,972,334,29000.0,48298.3277800412,1863.5747999996966,102191.56530000054,155756.6265432099
1743175002,500,,Aggregated,5.000000,2.700000,30000,100000,100000,101000,101000,101000,101000,101000,102000,102000,102000,979,338,30000.0,48502.06414290097,1863.5747999996966,102191.56530000054,155391.48723186925
1743175003,500,,Aggregated,5.000000,2.800000,30000,100000,100000,101000,101000,101000,101000,101000,102000,102000,102000,983,340,30000.0,48580.90909226861,1863.5747999996966,102191.56530000054,155236.52492370296
1743175004,500,,Aggregated,5.200000,3.000000,32000,100000,100000,101000,101000,101000,101000,101000,102000,102000,102000,993,347,32000.0,48950.19033413902,1863.5747999996966,102191.56530000054,154403.21349446123
1743175005,500,,Aggregated,5.600000,3.300000,32000,100000,100000,101000,101000,101000,101000,101000,102000,102000,102000,1003,354,32000.0,49242.45936051849,1863.5747999996966,102191.56530000054,153622.52143569294
1743175006,500,,Aggregated,5.800000,3.500000,32000,100000,100000,101000,101000,101000,101000,101000,102000,102000,102000,1011,359,32000.0,49461.65943550944,1863.5747999996966,102191.56530000054,153141.30662710188
1743175007,500,,Aggregated,6.200000,3.900000,32000,100000,100000,101000,101000,101000,101000,101000,102000,102000,102000,1016,362,32000.0,49527.58011309059,1863.5747999996966,102191.56530000054,152852.7942913386
1743175008,500,,Aggregated,7.400000,4.900000,33000,100000,100000,101000,101000,101000,101000,101000,102000,102000,102000,1020,366,33000.0,49727.315615588275,1863.5747999996966,102191.56530000054,152281.09705882354
1743175009,500,,Aggregated,7.400000,4.900000,34000,100000,100000,101000,101000,101000,101000,101000,102000,102000,102000,1030,373,34000.0,50005.90618970877,1863.5747999996966,102191.56530000054,151541.5203883495
1743175010,500,,Aggregated,7.400000,4.900000,35000,100000,100000,101000,101000,101000,101000,101000,102000,102000,102000,1037,377,35000.0,50133.02191012539,1863.5747999996966,102191.56530000054,151227.7405978785
1743175011,500,,Aggregated,6.800000,4.500000,35000,100000,100000,101000,101000,101000,101000,101000,102000,102000,102000,1042,380,35000.0,50195.05656487527,1863.5747999996966,102191.56530000054,150955.6094049904
1743175012,500,,Aggregated,7.100000,4.900000,35000,100000,100000,101000,101000,101000,101000,101000,102000,102000,102000,1045,383,35000.0,50339.69907301438,1863.5747999996966,102191.56530000054,150542.54066985645
1743175013,500,,Aggregated,7.400000,4.900000,35000,100000,100000,101000,101000,101000,101000,101000,102000,102000,102000,1049,386,35000.0,50461.008066444265,1863.5747999996966,102191.56530000054,150216.57483317444
1743175014,500,,Aggregated,6.600000,4.500000,35000,100000,100000,101000,101000,101000,101000,101000,102000,102000,102000,1057,389,35000.0,50440.44009252604,1863.5747999996966,102191.56530000054,150218.2450331126
1743175015,500,,Aggregated,6.600000,4.500000,37000,100000,100000,101000,101000,101000,101000,101000,102000,102000,102000,1067,397,37000.0,50759.570687254025,1863.5747999996966,102191.56530000054,149283.98219306467
1743175016,500,,Aggregated,6.600000,4.600000,37000,100000,100000,101000,101000,101000,101000,101000,102000,102000,102000,1072,402,37000.0,50991.56626865676,1863.5747999996966,102191.56530000054,148620.67070895524
1743175017,500,,Aggregated,6.200000,4.200000,37000,100000,100000,101000,101000,101000,101000,101000,102000,102000,102000,1075,405,37000.0,51129.64755897679,1863.5747999996966,102191.56530000054,148225.64558139534
1743175018,500,,Aggregated,6.100000,4.300000,37000,100000,100000,101000,101000,101000,101000,101000,102000,102000,102000,1082,406,37000.0,51097.396667929796,1863.5747999996966,102191.56530000054,148585.89186691312
1743175019,500,,Aggregated,6.100000,4.300000,37000,100000,100000,101000,101000,101000,101000,101000,102000,102000,102000,1089,410,37000.0,51181.05915270894,1863.5747999996966,102191.56530000054,148277.8347107438
1743175020,500,,Aggregated,5.900000,4.300000,38000,100000,100000,101000,101000,101000,101000,101000,102000,102000,102000,1093,413,38000.0,51340.031684903974,1863.5747999996966,102191.56530000054,147970.8966148216
1743175021,500,,Aggregated,6.000000,3.700000,38000,100000,100000,101000,101000,101000,101000,101000,102000,102000,102000,1098,416,38000.0,51431.44292267764,1863.5747999996966,102191.56530000054,147728.50455373406
1743175022,500,,Aggregated,5.600000,3.600000,38000,100000,100000,101000,101000,101000,101000,101000,102000,102000,102000,1108,421,38000.0,51520.578410288865,1863.5747999996966,102191.56530000054,147504.51985559566
1743175023,500,,Aggregated,5.600000,3.600000,38000,100000,100000,101000,101000,101000,101000,101000,102000,102000,102000,1113,424,38000.0,51650.63723054812,1863.5747999996966,102191.56530000054,147264.13477088948
1743175024,500,,Aggregated,5.900000,3.700000,39000,100000,100000,101000,101000,101000,101000,101000,102000,102000,102000,1117,427,39000.0,51799.04548039396,1863.5747999996966,102191.56530000054,146957.14324082364
1743175025,500,,Aggregated,6.400000,3.800000,39000,100000,100000,101000,101000,101000,101000,101000,102000,102000,102000,1122,431,39000.0,51949.32075944746,1863.5747999996966,102191.56530000054,146530.27629233513
1743175026,463,,Aggregated,6.000000,3.700000,39000,100000,100000,101000,101000,101000,101000,101000,102000,102000,102000,1131,436,39000.0,52155.271662776344,1863.5747999996966,102191.56530000054,146209.6136162688
1743175027,452,,Aggregated,6.000000,3.700000,40000,100000,100000,101000,101000,101000,101000,101000,102000,102000,102000,1142,442,39000.0,52333.73212521896,1863.5747999996966,102191.56530000054,145875.8949211909
1743175028,447,,Aggregated,5.800000,3.400000,40000,100000,100000,101000,101000,101000,101000,101000,102000,102000,102000,1147,446,40000.0,52492.67806878818,1863.5747999996966,102191.56530000054,145460.75762859633
1743175029,433,,Aggregated,6.700000,3.700000,41000,100000,100000,101000,101000,101000,101000,101000,102000,102000,102000,1161,455,41000.0,52781.240507493574,1863.5747999996966,102191.56530000054,144749.16451335055
1743175030,429,,Aggregated,6.700000,3.700000,42000,100000,100000,101000,101000,101000,101000,101000,102000,102000,102000,1165,458,42000.0,52927.79307776828,1863.5747999996966,102191.56530000054,144473.31158798284
1743175031,426,,Aggregated,6.500000,4.200000,42000,100000,100000,101000,101000,101000,101000,101000,102000,102000,102000,1168,460,42000.0,52977.87061044524,1863.5747999996966,102191.56530000054,144309.16780821918
1743175032,421,,Aggregated,7.200000,4.500000,43000,100000,100000,101000,101000,101000,101000,101000,102000,102000,102000,1173,463,43000.0,53066.31981705033,1863.5747999996966,102191.56530000054,144109.84995737424
1743175033,417,,Aggregated,7.000000,4.400000,43000,100000,100000,101000,101000,101000,101000,101000,102000,102000,102000,1177,466,43000.0,53204.59962956673,1863.5747999996966,102191.56530000054,143829.22769753612
1743175034,413,,Aggregated,6.800000,4.300000,44000,100000,100000,101000,101000,101000,101000,101000,102000,102000,102000,1181,468,44000.0,53263.90402167658,1863.5747999996966,102191.56530000054,143737.24047417444
